sample	richness	shannon
C1	227	4.938894848289671
C2	226	4.58830494377763
C3	162	4.455629942178556
C4	164	5.022637474869944
